-- College

INSERT INTO `college` (`Cname`, `COffice`, `CPhone`, `DeanId`) VALUES ('Ege Üniversitesi Mühendislik Fakültesi', 'Bornova', '01234567891', '2');
INSERT INTO `college` (`Cname`, `COffice`, `CPhone`, `DeanId`) VALUES ('Hacettepe Üniversitesi Mühendislik Fakültesi', 'Çankaya', '01234567892', '20');



-- Faculty memnber
INSERT INTO `faculty_member` (`FId`, `FName`, `FOffice`, `FPhone`, `DCode`) VALUES ('1', 'Murat Osman Ünalır', 'Bornova', '05320001112', '30');
INSERT INTO `faculty_member` (`FId`, `FName`, `FOffice`, `FPhone`, `DCode`) VALUES ('2', 'Levent Toker', 'Bornova', '05320201118', '30');
INSERT INTO `faculty_member` (`FId`, `FName`, `FOffice`, `FPhone`, `DCode`) VALUES ('3', 'Aybars Uğur', 'Bornova', '05320001113', '30');
INSERT INTO `faculty_member` (`FId`, `FName`, `FOffice`, `FPhone`, `DCode`) VALUES ('4', 'Emine Sezer', 'Bornova', '05320001114', '30');
INSERT INTO `faculty_member` (`FId`, `FName`, `FOffice`, `FPhone`, `DCode`) VALUES ('5', 'Vecdi Aytaç', 'Bornova', '05320001115', '30');
INSERT INTO `faculty_member` (`FId`, `FName`, `FOffice`, `FPhone`, `DCode`) VALUES ('6', 'Rıza Cenk Erdur', 'Bornova', '05320001116', '30');
INSERT INTO `faculty_member` (`FId`, `FName`, `FOffice`, `FPhone`, `DCode`) VALUES ('7', 'Hasan Bulut', 'Bornova', '05320001117', '30');
INSERT INTO `faculty_member` (`FId`, `FName`, `FOffice`, `FPhone`, `DCode`) VALUES ('8', 'Sezercan Tanışman', 'Bornova', '05320001118', '30');
INSERT INTO `faculty_member` (`FId`, `FName`, `FOffice`, `FPhone`, `DCode`) VALUES ('9', 'Hazal Türkmen', 'Bornova', '05320001119', '30');
INSERT INTO `faculty_member` (`FId`, `FName`, `FOffice`, `FPhone`, `DCode`) VALUES ('10', 'Sevtap Duman Kaymaz', 'Buca', '05350001221', '31');
INSERT INTO `faculty_member` (`FId`, `FName`, `FOffice`, `FPhone`, `DCode`) VALUES ('11', 'Burak Yönül', 'Buca', '05350001222', '31');
INSERT INTO `faculty_member` (`FId`, `FName`, `FOffice`, `FPhone`, `DCode`) VALUES ('12', 'Ayşe Binici', 'Buca', '05350001223', '31');
INSERT INTO `faculty_member` (`FId`, `FName`, `FOffice`, `FPhone`, `DCode`) VALUES ('13', 'Cafer Durmaz', 'Buca', '05350001224', '31');
INSERT INTO `faculty_member` (`FId`, `FName`, `FOffice`, `FPhone`, `DCode`) VALUES ('14', 'Faruk Güllüoğlu', 'Buca', '05350001225', '31');
INSERT INTO `faculty_member` (`FId`, `FName`, `FOffice`, `FPhone`, `DCode`) VALUES ('15', 'İlknur Jöle', 'Karşıyaka', '05380001221', '32');
INSERT INTO `faculty_member` (`FId`, `FName`, `FOffice`, `FPhone`, `DCode`) VALUES ('16', 'Kemal Lale', 'Karşıyaka', '05380001222', '32');
INSERT INTO `faculty_member` (`FId`, `FName`, `FOffice`, `FPhone`, `DCode`) VALUES ('17', 'Mustafa Nilgün', 'Karşıyaka', '05380001223', '32');
INSERT INTO `faculty_member` (`FId`, `FName`, `FOffice`, `FPhone`, `DCode`) VALUES ('18', 'Rıfat Salkım', 'Karşıyaka', '05380001224', '32');
INSERT INTO `faculty_member` (`FId`, `FName`, `FOffice`, `FPhone`, `DCode`) VALUES ('19', 'Simge Şiyar', 'Aliağa', '05390001222', '33');
INSERT INTO `faculty_member` (`FId`, `FName`, `FOffice`, `FPhone`, `DCode`) VALUES ('20', 'Tuana Ufuk', 'Aliağa', '05390001228', '33');
INSERT INTO `faculty_member` (`FId`, `FName`, `FOffice`, `FPhone`, `DCode`) VALUES ('21', 'Yağız Zarf', 'Konak', '05370001224', '34');
INSERT INTO `faculty_member` (`FId`, `FName`, `FOffice`, `FPhone`, `DCode`) VALUES ('22', 'Volkan Yurt', 'Konak', '05370001227', '34');
INSERT INTO `faculty_member` (`FId`, `FName`, `FOffice`, `FPhone`, `DCode`) VALUES ('23', 'Ilgın İlk', 'Konak', '05370001223', '34');
INSERT INTO `faculty_member` (`FId`, `FName`, `FOffice`, `FPhone`, `DCode`) VALUES ('24', 'Mehmet Kaplan', 'Konak', '05370055555', '33');
INSERT INTO `faculty_member` (`FId`, `FName`, `FOffice`, `FPhone`, `DCode`) VALUES ('25', 'Cemre Yol', 'Buca', '05381115555', '31');
INSERT INTO `faculty_member` (`FId`, `FName`, `FOffice`, `FPhone`, `DCode`) VALUES ('26', 'Mediha Demir', 'Karşıyaka', '05392225555', '32');
INSERT INTO `faculty_member` (`FId`, `FName`, `FOffice`, `FPhone`, `DCode`) VALUES ('27', 'Gözde Aslan', 'Aliağa', '05383335555', '33');
INSERT INTO `faculty_member` (`FId`, `FName`, `FOffice`, `FPhone`, `DCode`) VALUES ('28', 'Berkay Ekin', 'Konak', '05384445555', '34');



-- Instructor
INSERT INTO `instructor` (`InsId`) VALUES ('1');
INSERT INTO `instructor` (`InsId`) VALUES ('2');
INSERT INTO `instructor` (`InsId`) VALUES ('3');
INSERT INTO `instructor` (`InsId`) VALUES ('4');
INSERT INTO `instructor` (`InsId`) VALUES ('5');
INSERT INTO `instructor` (`InsId`) VALUES ('6');
INSERT INTO `instructor` (`InsId`) VALUES ('7');
INSERT INTO `instructor` (`InsId`) VALUES ('10');
INSERT INTO `instructor` (`InsId`) VALUES ('12');
INSERT INTO `instructor` (`InsId`) VALUES ('14');
INSERT INTO `instructor` (`InsId`) VALUES ('16');
INSERT INTO `instructor` (`InsId`) VALUES ('17');
INSERT INTO `instructor` (`InsId`) VALUES ('18');
INSERT INTO `instructor` (`InsId`) VALUES ('19');
INSERT INTO `instructor` (`InsId`) VALUES ('20');
INSERT INTO `instructor` (`InsId`) VALUES ('21');
INSERT INTO `instructor` (`InsId`) VALUES ('22');
INSERT INTO `instructor` (`InsId`) VALUES ('24');
INSERT INTO `instructor` (`InsId`) VALUES ('25');
INSERT INTO `instructor` (`InsId`) VALUES ('26');
INSERT INTO `instructor` (`InsId`) VALUES ('27');
INSERT INTO `instructor` (`InsId`) VALUES ('28');




-- research assistant
INSERT INTO `res_assistant` (`ResAsId`) VALUES ('8');
INSERT INTO `res_assistant` (`ResAsId`) VALUES ('9');
INSERT INTO `res_assistant` (`ResAsId`) VALUES ('11');
INSERT INTO `res_assistant` (`ResAsId`) VALUES ('13');
INSERT INTO `res_assistant` (`ResAsId`) VALUES ('15');
INSERT INTO `res_assistant` (`ResAsId`) VALUES ('23');


-- prof
INSERT INTO `prof` (`PId`) VALUES ('1');
INSERT INTO `prof` (`PId`) VALUES ('2');
INSERT INTO `prof` (`PId`) VALUES ('3');
INSERT INTO `prof` (`PId`) VALUES ('5');
INSERT INTO `prof` (`PId`) VALUES ('10');
INSERT INTO `prof` (`PId`) VALUES ('16');
INSERT INTO `prof` (`PId`) VALUES ('20');
INSERT INTO `prof` (`PId`) VALUES ('21');
INSERT INTO `prof` (`PId`) VALUES ('24');
INSERT INTO `prof` (`PId`) VALUES ('25');
INSERT INTO `prof` (`PId`) VALUES ('26');
INSERT INTO `prof` (`PId`) VALUES ('27');
INSERT INTO `prof` (`PId`) VALUES ('28');




-- associate prof
INSERT INTO `associate_prof` (`AssocPId`) VALUES ('6');
INSERT INTO `associate_prof` (`AssocPId`) VALUES ('7');
INSERT INTO `associate_prof` (`AssocPId`) VALUES ('12');
INSERT INTO `associate_prof` (`AssocPId`) VALUES ('14');
INSERT INTO `associate_prof` (`AssocPId`) VALUES ('18');
INSERT INTO `associate_prof` (`AssocPId`) VALUES ('19');



-- assistant prof

INSERT INTO `assistant_prof` (`AssistPId`) VALUES ('4');
INSERT INTO `assistant_prof` (`AssistPId`) VALUES ('17');
INSERT INTO `assistant_prof` (`AssistPId`) VALUES ('22');



-- dept type
INSERT INTO `dept_type` (`TId`, `TName`) VALUES ('1', 'Bilgisayar Mühendisliği');
INSERT INTO `dept_type` (`TId`, `TName`) VALUES ('2', 'Yazılım Mühendisliği');
INSERT INTO `dept_type` (`TId`, `TName`) VALUES ('3', 'Yapay Zeka Mühendisliği');


-- course
INSERT INTO `course` (`CCode`, `CoName`, `Credits`, `Level`, `CDesc`) VALUES ('100', 'DATABASE MANAGEMENT', '6', 'Lisans', 'aa');
INSERT INTO `course` (`CCode`, `CoName`, `Credits`, `Level`, `CDesc`) VALUES ('101', 'ALGORİTMA VE PROGRAMLAMA-I', '5', 'Lisans', 'aa');
INSERT INTO `course` (`CCode`, `CoName`, `Credits`, `Level`, `CDesc`) VALUES ('102', 'ALGORİTMA VE PROGRAMLAMA-II', '5', 'Lisans', 'a');
INSERT INTO `course` (`CCode`, `CoName`, `Credits`, `Level`, `CDesc`) VALUES ('103', 'MATEMATİK-I', '4', 'Lisans', 'aa');
INSERT INTO `course` (`CCode`, `CoName`, `Credits`, `Level`, `CDesc`) VALUES ('104', 'MATEMATİK-II', '4', 'Lisans', 'aa');
INSERT INTO `course` (`CCode`, `CoName`, `Credits`, `Level`, `CDesc`) VALUES ('105', 'ELECTRICAL CIRCUITS', '4', 'Lisans', 'aa');
INSERT INTO `course` (`CCode`, `CoName`, `Credits`, `Level`, `CDesc`) VALUES ('106', 'DOĞRUSAL CEBİR VE NÜMERİK YÖNTEMLER', '5', 'Lisans', 'aa');
INSERT INTO `course` (`CCode`, `CoName`, `Credits`, `Level`, `CDesc`) VALUES ('107', 'NESNEYE DAYALI PROGRAMLAMA', '4', 'Lisans', 'aa');
INSERT INTO `course` (`CCode`, `CoName`, `Credits`, `Level`, `CDesc`) VALUES ('108', 'BİLGİSAYAR AĞLARI', '4', 'Lisans', 'aa');
INSERT INTO `course` (`CCode`, `CoName`, `Credits`, `Level`, `CDesc`) VALUES ('109', 'İŞLETİM SİSTEMLERİ', '4', 'Lisans', 'aa');
INSERT INTO `course` (`CCode`, `CoName`, `Credits`, `Level`, `CDesc`) VALUES ('110', 'YAPAY ZEKA YÖNTEMLERİ', '5', 'Lisans', 'aa');
INSERT INTO `course` (`CCode`, `CoName`, `Credits`, `Level`, `CDesc`) VALUES ('111', 'MOBİL PROGRAMLAMA', '3', 'Lisans', 'aa');
INSERT INTO `course` (`CCode`, `CoName`, `Credits`, `Level`, `CDesc`) VALUES ('112', 'ÜST ORTAM PROGRAMLAMA', '3', 'Lisans', 'aa');
INSERT INTO `course` (`CCode`, `CoName`, `Credits`, `Level`, `CDesc`) VALUES ('113', 'VERİ BİLİMİNE GİRİŞ', '3', 'Lisans', 'aa');
INSERT INTO `course` (`CCode`, `CoName`, `Credits`, `Level`, `CDesc`) VALUES ('114', 'WİNDOWS PROGRAMLAMA', '3', 'Lisans', 'aa');
INSERT INTO `course` (`CCode`, `CoName`, `Credits`, `Level`, `CDesc`) VALUES ('115', 'PAZARLAMA', '3', 'Lisans', 'aa');
INSERT INTO `course` (`CCode`, `CoName`, `Credits`, `Level`, `CDesc`) VALUES ('116', 'SAĞLIKLI BESLENME', '3', 'Lisans', 'aa');
INSERT INTO `course` (`CCode`, `CoName`, `Credits`, `Level`, `CDesc`) VALUES ('117', 'GIDA GÜVENLİĞİ', '3', 'Lisans', 'aa');


-- course mandatory
INSERT INTO `mandatory` (`ManCCode`) VALUES ('100');
INSERT INTO `mandatory` (`ManCCode`) VALUES ('101');
INSERT INTO `mandatory` (`ManCCode`) VALUES ('102');
INSERT INTO `mandatory` (`ManCCode`) VALUES ('103');
INSERT INTO `mandatory` (`ManCCode`) VALUES ('104');
INSERT INTO `mandatory` (`ManCCode`) VALUES ('105');
INSERT INTO `mandatory` (`ManCCode`) VALUES ('106');
INSERT INTO `mandatory` (`ManCCode`) VALUES ('107');
INSERT INTO `mandatory` (`ManCCode`) VALUES ('108');
INSERT INTO `mandatory` (`ManCCode`) VALUES ('109');
INSERT INTO `mandatory` (`ManCCode`) VALUES ('110');

-- course optional
INSERT INTO `optional` (`OptCcode`) VALUES ('111');
INSERT INTO `optional` (`OptCcode`) VALUES ('112');
INSERT INTO `optional` (`OptCcode`) VALUES ('113');
INSERT INTO `optional` (`OptCcode`) VALUES ('114');
INSERT INTO `optional` (`OptCcode`) VALUES ('115');
INSERT INTO `optional` (`OptCcode`) VALUES ('116');
INSERT INTO `optional` (`OptCcode`) VALUES ('117');

-- course tech optional
INSERT INTO `tech_opt` (`TOptCcode`) VALUES ('111');
INSERT INTO `tech_opt` (`TOptCcode`) VALUES ('112');
INSERT INTO `tech_opt` (`TOptCcode`) VALUES ('113');
INSERT INTO `tech_opt` (`TOptCcode`) VALUES ('114');

-- course non-tech optional

INSERT INTO `non_tech_opt` (`NTOptCcode`) VALUES ('115');
INSERT INTO `non_tech_opt` (`NTOptCcode`) VALUES ('116');
INSERT INTO `non_tech_opt` (`NTOptCcode`) VALUES ('117');





-- section
INSERT INTO `section` (`SecId`, `SecNo`, `Sem`, `Year`, `Bldg`, `RoomNo`, `DaysTime`, `SecCCode`, `SecInsId`) VALUES ('50', '1', 'Güz', '3', 'a', 'a1', 'Pazartesi', '100', '1');
INSERT INTO `section` (`SecId`, `SecNo`, `Sem`, `Year`, `Bldg`, `RoomNo`, `DaysTime`, `SecCCode`, `SecInsId`) VALUES ('51', '2', 'Güz', '3', 'a', 'a2', 'Pazartesi', '100', '7');
INSERT INTO `section` (`SecId`, `SecNo`, `Sem`, `Year`, `Bldg`, `RoomNo`, `DaysTime`, `SecCCode`, `SecInsId`) VALUES ('52', '3', 'Güz', '3', 'a', 'a3', 'Salı', '100', '14');
INSERT INTO `section` (`SecId`, `SecNo`, `Sem`, `Year`, `Bldg`, `RoomNo`, `DaysTime`, `SecCCode`, `SecInsId`) VALUES ('53', '1', 'Güz', '1', 'b', 'b1', 'Çarşamba', '101', '18');
INSERT INTO `section` (`SecId`, `SecNo`, `Sem`, `Year`, `Bldg`, `RoomNo`, `DaysTime`, `SecCCode`, `SecInsId`) VALUES ('54', '2', 'Güz', '1', 'b', 'b2', 'Çarşamba', '101', '5');
INSERT INTO `section` (`SecId`, `SecNo`, `Sem`, `Year`, `Bldg`, `RoomNo`, `DaysTime`, `SecCCode`, `SecInsId`) VALUES ('55', '1', 'Güz', '2', 'c', 'c1', 'Perşembe', '102', '6');
INSERT INTO `section` (`SecId`, `SecNo`, `Sem`, `Year`, `Bldg`, `RoomNo`, `DaysTime`, `SecCCode`, `SecInsId`) VALUES ('56', '2', 'Güz', '2', 'c', 'c2', 'Perşembe', '102', '12');
INSERT INTO `section` (`SecId`, `SecNo`, `Sem`, `Year`, `Bldg`, `RoomNo`, `DaysTime`, `SecCCode`, `SecInsId`) VALUES ('57', '1', 'Güz', '4', 'd', 'd1', 'Cuma', '106', '5');
INSERT INTO `section` (`SecId`, `SecNo`, `Sem`, `Year`, `Bldg`, `RoomNo`, `DaysTime`, `SecCCode`, `SecInsId`) VALUES ('58', '1', 'Güz', '2', 'e', 'e1', 'Perşembe', '107', '24');
INSERT INTO `section` (`SecId`, `SecNo`, `Sem`, `Year`, `Bldg`, `RoomNo`, `DaysTime`, `SecCCode`, `SecInsId`) VALUES ('59', '1', 'Bahar', '1', 'f', 'f1', 'Cuma', '108', '2');
INSERT INTO `section` (`SecId`, `SecNo`, `Sem`, `Year`, `Bldg`, `RoomNo`, `DaysTime`, `SecCCode`, `SecInsId`) VALUES ('62', '1', 'Bahar', '2', 'g', 'g1', 'Pazartesi', '109', '22');
INSERT INTO `section` (`SecId`, `SecNo`, `Sem`, `Year`, `Bldg`, `RoomNo`, `DaysTime`, `SecCCode`, `SecInsId`) VALUES ('63', '2', 'Bahar', '2', 'g', 'g2', 'Pazartesi', '109', '19');
INSERT INTO `section` (`SecId`, `SecNo`, `Sem`, `Year`, `Bldg`, `RoomNo`, `DaysTime`, `SecCCode`, `SecInsId`) VALUES ('64', '1', 'Bahar', '3', 'h', 'h1', 'Salı', '103', '24');
INSERT INTO `section` (`SecId`, `SecNo`, `Sem`, `Year`, `Bldg`, `RoomNo`, `DaysTime`, `SecCCode`, `SecInsId`) VALUES ('65', '2', 'Bahar', '3', 'h', 'h2', 'Çarşamba', '103', '20');
INSERT INTO `section` (`SecId`, `SecNo`, `Sem`, `Year`, `Bldg`, `RoomNo`, `DaysTime`, `SecCCode`, `SecInsId`) VALUES ('66', '1', 'Bahar', '4', 'j', 'j1', 'Pazartesi', '116', '3');
INSERT INTO `section` (`SecId`, `SecNo`, `Sem`, `Year`, `Bldg`, `RoomNo`, `DaysTime`, `SecCCode`, `SecInsId`) VALUES ('67', '1', 'Bahar', '2', 'k', 'k1', 'Salı', '105', '4');
INSERT INTO `section` (`SecId`, `SecNo`, `Sem`, `Year`, `Bldg`, `RoomNo`, `DaysTime`, `SecCCode`, `SecInsId`) VALUES ('68', '2', 'Bahar', '2', 'k', 'k2', 'Salı', '105', '17');
INSERT INTO `section` (`SecId`, `SecNo`, `Sem`, `Year`, `Bldg`, `RoomNo`, `DaysTime`, `SecCCode`, `SecInsId`) VALUES ('69', '1', 'Bahar', '3', 'l', 'l1', 'Cuma', '117', '5');
INSERT INTO `section` (`SecId`, `SecNo`, `Sem`, `Year`, `Bldg`, `RoomNo`, `DaysTime`, `SecCCode`, `SecInsId`) VALUES ('70', '1', 'Bahar', '3', 'm', 'm1', 'Perşembe', '111', '16');


-- thesis
INSERT INTO `thesis` (`FId`, `TType`, `TTitle`, `TSubject`, `DegUni`, `DegDept`, `DegYear`) VALUES ('1', 'M.Sc.', 'Paralel veri tabanlarında parçalama', 'Database', 'EGE', 'Bilgisayar Mühendisliği', '1995');
INSERT INTO `thesis` (`FId`, `TType`, `TTitle`, `TSubject`, `DegUni`, `DegDept`, `DegYear`) VALUES ('1', 'Ph.D.', 'Dağıtık mimari tasarımı', 'Database', 'EGE', 'Bilgisayar Mühendisliği', '2001');
INSERT INTO `thesis` (`FId`, `TType`, `TTitle`, `TSubject`, `DegUni`, `DegDept`, `DegYear`) VALUES ('2', 'M.Sc.', 'a', 'Network Systems', 'DEU', 'Yazılım Mühendisliği', '1997');
INSERT INTO `thesis` (`FId`, `TType`, `TTitle`, `TSubject`, `DegUni`, `DegDept`, `DegYear`) VALUES ('2', 'Ph.D.', 'b', 'Computer Science', 'EGE', 'Bilgisayar Mühendisliği', '2005');
INSERT INTO `thesis` (`FId`, `TType`, `TTitle`, `TSubject`, `DegUni`, `DegDept`, `DegYear`) VALUES ('3', 'M.Sc.', 'c', 'Calculus', 'ODTU', 'Yazılım Mühendisliği', '2003');
INSERT INTO `thesis` (`FId`, `TType`, `TTitle`, `TSubject`, `DegUni`, `DegDept`, `DegYear`) VALUES ('3', 'Ph.D.', 'd', 'Ayrık Yapılar', 'ODTU', 'Yapay Zeka Mühendisliği', '2009');
INSERT INTO `thesis` (`FId`, `TType`, `TTitle`, `TSubject`, `DegUni`, `DegDept`, `DegYear`) VALUES ('4', 'M.Sc.', 'Görüntü İşleme', 'a', 'YTU', 'Yapay Zeka Mühendisliği', '2004');
INSERT INTO `thesis` (`FId`, `TType`, `TTitle`, `TSubject`, `DegUni`, `DegDept`, `DegYear`) VALUES ('5', 'M.Sc.', 'f', 'b', 'ITU', 'Yazılım Mühendisliği', '2008');
INSERT INTO `thesis` (`FId`, `TType`, `TTitle`, `TSubject`, `DegUni`, `DegDept`, `DegYear`) VALUES ('6', 'M.Sc.', 'g', 'c', 'DEU', 'Yazılım Mühendisliği', '2005');
INSERT INTO `thesis` (`FId`, `TType`, `TTitle`, `TSubject`, `DegUni`, `DegDept`, `DegYear`) VALUES ('6', 'Ph.D.', 'h', 'd', 'ITU', 'Yapay Zeka Mühendisliği', '2010');



-- research area
INSERT INTO `research_areas` (`FId`, `RArea`) VALUES ('1', 'Büyük Veri');
INSERT INTO `research_areas` (`FId`, `RArea`) VALUES ('1', 'Veri Yönetimi');
INSERT INTO `research_areas` (`FId`, `RArea`) VALUES ('1', 'Anlamsal Web');
INSERT INTO `research_areas` (`FId`, `RArea`) VALUES ('2', 'Bilgisayar Ağları');
INSERT INTO `research_areas` (`FId`, `RArea`) VALUES ('2', 'Mobil Ağlar');
INSERT INTO `research_areas` (`FId`, `RArea`) VALUES ('2', 'Bilgisayar Ağı Yönetimi');
INSERT INTO `research_areas` (`FId`, `RArea`) VALUES ('3', 'Yapay Zeka');
INSERT INTO `research_areas` (`FId`, `RArea`) VALUES ('3', 'Makine Öğrenmesi');
INSERT INTO `research_areas` (`FId`, `RArea`) VALUES ('3', 'Görüntü İşleme');
INSERT INTO `research_areas` (`FId`, `RArea`) VALUES ('4', 'Elektrik ve Elektronik Devreleri');
INSERT INTO `research_areas` (`FId`, `RArea`) VALUES ('4', 'Bilgisayar Donanımı');
INSERT INTO `research_areas` (`FId`, `RArea`) VALUES ('4', 'Mikroişlemciler');
INSERT INTO `research_areas` (`FId`, `RArea`) VALUES ('5', 'Cebir');
INSERT INTO `research_areas` (`FId`, `RArea`) VALUES ('5', 'Calculus');
INSERT INTO `research_areas` (`FId`, `RArea`) VALUES ('5', 'Çizge Kuramı');
INSERT INTO `research_areas` (`FId`, `RArea`) VALUES ('6', 'Yazılım Geliştirme');
INSERT INTO `research_areas` (`FId`, `RArea`) VALUES ('6', 'Nesneye Dayalı Programlama');
INSERT INTO `research_areas` (`FId`, `RArea`) VALUES ('6', 'Algoritmalar');
INSERT INTO `research_areas` (`FId`, `RArea`) VALUES ('7', 'Bulut Bilişim');
INSERT INTO `research_areas` (`FId`, `RArea`) VALUES ('7', 'Büyük Veri');
INSERT INTO `research_areas` (`FId`, `RArea`) VALUES ('7', 'Windows');
INSERT INTO `research_areas` (`FId`, `RArea`) VALUES ('8', 'Mobil Ağlar');
INSERT INTO `research_areas` (`FId`, `RArea`) VALUES ('8', 'Anlamsal Web');
INSERT INTO `research_areas` (`FId`, `RArea`) VALUES ('9', 'Algoritmalar');
INSERT INTO `research_areas` (`FId`, `RArea`) VALUES ('9', 'Anlamsal Web');
INSERT INTO `research_areas` (`FId`, `RArea`) VALUES ('10', 'Çizge Kuramı');
INSERT INTO `research_areas` (`FId`, `RArea`) VALUES ('10', 'Ayrık Yapılar');
INSERT INTO `research_areas` (`FId`, `RArea`) VALUES ('10', 'Calculus');
INSERT INTO `research_areas` (`FId`, `RArea`) VALUES ('11', 'Algoritmalar');
INSERT INTO `research_areas` (`FId`, `RArea`) VALUES ('11', 'Doğal Dil İşleme');
INSERT INTO `research_areas` (`FId`, `RArea`) VALUES ('12', 'Nesneye Dayalı Programlama');
INSERT INTO `research_areas` (`FId`, `RArea`) VALUES ('12', 'UML');
INSERT INTO `research_areas` (`FId`, `RArea`) VALUES ('12', 'Java');
INSERT INTO `research_areas` (`FId`, `RArea`) VALUES ('13', 'Makine Öğrenmesi');
INSERT INTO `research_areas` (`FId`, `RArea`) VALUES ('13', 'Mobil Ağlar');
INSERT INTO `research_areas` (`FId`, `RArea`) VALUES ('14', 'Anlamsal Web');
INSERT INTO `research_areas` (`FId`, `RArea`) VALUES ('14', 'Büyük Veri');
INSERT INTO `research_areas` (`FId`, `RArea`) VALUES ('14', 'Makine Öğrenmesi');
INSERT INTO `research_areas` (`FId`, `RArea`) VALUES ('15', 'Bulut Bilişim');
INSERT INTO `research_areas` (`FId`, `RArea`) VALUES ('15', 'Büyük Veri');
INSERT INTO `research_areas` (`FId`, `RArea`) VALUES ('16', 'Mobil Ağlar');
INSERT INTO `research_areas` (`FId`, `RArea`) VALUES ('16', 'İOS');
INSERT INTO `research_areas` (`FId`, `RArea`) VALUES ('16', 'Veri Bilimi');
INSERT INTO `research_areas` (`FId`, `RArea`) VALUES ('16', 'Nesneye Dayalı Programlama');
INSERT INTO `research_areas` (`FId`, `RArea`) VALUES ('17', 'Bilgisayar Donanımı');
INSERT INTO `research_areas` (`FId`, `RArea`) VALUES ('17', 'Windows');
INSERT INTO `research_areas` (`FId`, `RArea`) VALUES ('17', 'Elektrik ve Elektronik Devreleri');
INSERT INTO `research_areas` (`FId`, `RArea`) VALUES ('18', 'Pseudocode');
INSERT INTO `research_areas` (`FId`, `RArea`) VALUES ('18', 'Yazılım Geliştirme');
INSERT INTO `research_areas` (`FId`, `RArea`) VALUES ('18', 'Algoritmalar');
INSERT INTO `research_areas` (`FId`, `RArea`) VALUES ('19', 'Windows');
INSERT INTO `research_areas` (`FId`, `RArea`) VALUES ('19', 'Tasarım');
INSERT INTO `research_areas` (`FId`, `RArea`) VALUES ('19', 'Frontend');
INSERT INTO `research_areas` (`FId`, `RArea`) VALUES ('20', 'Matlab');
INSERT INTO `research_areas` (`FId`, `RArea`) VALUES ('20', 'Calculus');
INSERT INTO `research_areas` (`FId`, `RArea`) VALUES ('20', 'Cebir');
INSERT INTO `research_areas` (`FId`, `RArea`) VALUES ('21', 'Veri Yönetimi');
INSERT INTO `research_areas` (`FId`, `RArea`) VALUES ('21', 'Pazarlama');
INSERT INTO `research_areas` (`FId`, `RArea`) VALUES ('21', 'Makine Öğrenmesi');
INSERT INTO `research_areas` (`FId`, `RArea`) VALUES ('22', 'Yapay Zeka');
INSERT INTO `research_areas` (`FId`, `RArea`) VALUES ('22', 'Büyük Veri');
INSERT INTO `research_areas` (`FId`, `RArea`) VALUES ('22', 'Bulut Bilişim');
INSERT INTO `research_areas` (`FId`, `RArea`) VALUES ('23', 'Algoritmalar');
INSERT INTO `research_areas` (`FId`, `RArea`) VALUES ('23', 'Veri Yönetimi');
INSERT INTO `research_areas` (`FId`, `RArea`) VALUES ('22', 'Sağlık');
INSERT INTO `research_areas` (`FId`, `RArea`) VALUES ('20', 'Gıda');
INSERT INTO `research_areas` (`FId`, `RArea`) VALUES ('24', 'Java');
INSERT INTO `research_areas` (`FId`, `RArea`) VALUES ('24', 'UML');
INSERT INTO `research_areas` (`FId`, `RArea`) VALUES ('24', 'Mobil Ağlar');
INSERT INTO `research_areas` (`FId`, `RArea`) VALUES ('24', 'Algoritmalar');
INSERT INTO `research_areas` (`FId`, `RArea`) VALUES ('24', 'Çizge Kuramı');
INSERT INTO `research_areas` (`FId`, `RArea`) VALUES ('5', 'Gıda');





-- keywords

INSERT INTO `keywords` (`CCode`, `Keyword`) VALUES ('100', 'Büyük Veri');
INSERT INTO `keywords` (`CCode`, `Keyword`) VALUES ('100', 'Veri Yönetimi');
INSERT INTO `keywords` (`CCode`, `Keyword`) VALUES ('100', 'Anlamsal Web');
INSERT INTO `keywords` (`CCode`, `Keyword`) VALUES ('101', 'Yazılım Geliştirme');
INSERT INTO `keywords` (`CCode`, `Keyword`) VALUES ('101', 'Pseudocode');
INSERT INTO `keywords` (`CCode`, `Keyword`) VALUES ('101', 'Algoritmalar');
INSERT INTO `keywords` (`CCode`, `Keyword`) VALUES ('102', 'Algoritmalar');
INSERT INTO `keywords` (`CCode`, `Keyword`) VALUES ('102', 'Nesneye Dayalı Programlama');
INSERT INTO `keywords` (`CCode`, `Keyword`) VALUES ('102', 'Yazılım Geliştirme');
INSERT INTO `keywords` (`CCode`, `Keyword`) VALUES ('103', 'Algoritmalar');
INSERT INTO `keywords` (`CCode`, `Keyword`) VALUES ('103', 'Calculus');
INSERT INTO `keywords` (`CCode`, `Keyword`) VALUES ('103', 'Çizge Kuramı');
INSERT INTO `keywords` (`CCode`, `Keyword`) VALUES ('104', 'Çizge Kuramı');
INSERT INTO `keywords` (`CCode`, `Keyword`) VALUES ('104', 'Calculus');
INSERT INTO `keywords` (`CCode`, `Keyword`) VALUES ('104', 'Ayrık Yapılar');
INSERT INTO `keywords` (`CCode`, `Keyword`) VALUES ('105', 'Elektrik ve Elektronik Devreleri');
INSERT INTO `keywords` (`CCode`, `Keyword`) VALUES ('105', 'Bilgisayar Donanımı');
INSERT INTO `keywords` (`CCode`, `Keyword`) VALUES ('105', 'Mikroişlemciler');
INSERT INTO `keywords` (`CCode`, `Keyword`) VALUES ('106', 'Calculus');
INSERT INTO `keywords` (`CCode`, `Keyword`) VALUES ('106', 'Matlab');
INSERT INTO `keywords` (`CCode`, `Keyword`) VALUES ('106', 'Cebir');
INSERT INTO `keywords` (`CCode`, `Keyword`) VALUES ('107', 'Nesneye Dayalı Programlama');
INSERT INTO `keywords` (`CCode`, `Keyword`) VALUES ('107', 'UML');
INSERT INTO `keywords` (`CCode`, `Keyword`) VALUES ('107', 'Java');
INSERT INTO `keywords` (`CCode`, `Keyword`) VALUES ('108', 'Bilgisayar Ağları');
INSERT INTO `keywords` (`CCode`, `Keyword`) VALUES ('108', 'Mobil Ağlar');
INSERT INTO `keywords` (`CCode`, `Keyword`) VALUES ('108', 'Bilgisayar Ağı Yönetimi');
INSERT INTO `keywords` (`CCode`, `Keyword`) VALUES ('109', 'Bulut Bilişim');
INSERT INTO `keywords` (`CCode`, `Keyword`) VALUES ('109', 'Büyük Veri');
INSERT INTO `keywords` (`CCode`, `Keyword`) VALUES ('109', 'Windows');
INSERT INTO `keywords` (`CCode`, `Keyword`) VALUES ('110', 'Yapay Zeka');
INSERT INTO `keywords` (`CCode`, `Keyword`) VALUES ('110', 'Makine Öğrenmesi');
INSERT INTO `keywords` (`CCode`, `Keyword`) VALUES ('110', 'Görüntü İşleme');
INSERT INTO `keywords` (`CCode`, `Keyword`) VALUES ('111', 'Veri Bilimi');
INSERT INTO `keywords` (`CCode`, `Keyword`) VALUES ('111', 'İOS');
INSERT INTO `keywords` (`CCode`, `Keyword`) VALUES ('111', 'Mobil Ağlar');
INSERT INTO `keywords` (`CCode`, `Keyword`) VALUES ('112', 'Anlamsal Web');
INSERT INTO `keywords` (`CCode`, `Keyword`) VALUES ('112', 'Tasarım');
INSERT INTO `keywords` (`CCode`, `Keyword`) VALUES ('112', 'Frontend');
INSERT INTO `keywords` (`CCode`, `Keyword`) VALUES ('113', 'Yapay Zeka');
INSERT INTO `keywords` (`CCode`, `Keyword`) VALUES ('113', 'Veri Yönetimi');
INSERT INTO `keywords` (`CCode`, `Keyword`) VALUES ('113', 'Büyük Veri');
INSERT INTO `keywords` (`CCode`, `Keyword`) VALUES ('114', 'Bilgisayar Donanımı');
INSERT INTO `keywords` (`CCode`, `Keyword`) VALUES ('114', 'Elektrik ve Elektronik Devreleri');
INSERT INTO `keywords` (`CCode`, `Keyword`) VALUES ('114', 'Windows');
INSERT INTO `keywords` (`CCode`, `Keyword`) VALUES ('115', 'Pazarlama');
INSERT INTO `keywords` (`CCode`, `Keyword`) VALUES ('115', 'Veri Yönetimi');
INSERT INTO `keywords` (`CCode`, `Keyword`) VALUES ('116', 'Sağlık');
INSERT INTO `keywords` (`CCode`, `Keyword`) VALUES ('116', 'Yapay Zeka');
INSERT INTO `keywords` (`CCode`, `Keyword`) VALUES ('117', 'Gıda');
INSERT INTO `keywords` (`CCode`, `Keyword`) VALUES ('117', 'Calculus');

-- INSERT Dept
INSERT INTO `dept` (`DCode`, `DName`, `DOffice`, `DPhone`, `AdmCName`, `DTypeId`, `ChairId`, `CStartDate`) VALUES('30', 'Ege Üniversitesi Bilgisayar Mühendisliği', 'İzmir', '05321111111', 'Ege Üniversitesi Mühendislik Fakültesi', '1', '1', '2020-01-01');
INSERT INTO `dept` (`DCode`, `DName`, `DOffice`, `DPhone`, `AdmCName`, `DTypeId`, `ChairId`, `CStartDate`) VALUES ('31', 'Ege Üniversitesi Yazılım Mühendisliği', 'İzmir', '05322222222', 'Ege Üniversitesi Mühendislik Fakültesi', '2', '10', '2022-01-01');
INSERT INTO `dept` (`DCode`, `DName`, `DOffice`, `DPhone`, `AdmCName`, `DTypeId`, `ChairId`, `CStartDate`) VALUES ('32', 'Ege Üniversitesi Yapay Zeka Mühendisliği', 'İzmir', '05323333333', 'Ege Üniversitesi Mühendislik Fakültesi', '3', '16', '2019-01-01');
INSERT INTO `dept` (`DCode`, `DName`, `DOffice`, `DPhone`, `AdmCName`, `DTypeId`, `ChairId`, `CStartDate`) VALUES ('33', 'Hacettepe Üniversitesi Bilgisayar Mühendisliği', 'Ankara', '05324444444', 'Hacettepe Üniversitesi Mühendislik Fakültesi', '1', '24', '2015-01-01');
INSERT INTO `dept` (`DCode`, `DName`, `DOffice`, `DPhone`, `AdmCName`, `DTypeId`, `ChairId`, `CStartDate`) VALUES ('34', 'Hacettepe Üniversitesi Yazılım Mühendisliği', 'Ankara', '05325555555', 'Hacettepe Üniversitesi Mühendislik Fakültesi', '2', '21', '2021-01-01');

-- INSERT Curriculum

INSERT INTO `curriculum` (`CurId`, `CLang`, `EndDate`, `DCode`) VALUES ('1', 'Türkçe', '2018-06-26', '30');
INSERT INTO `curriculum` (`CurId`, `CLang`, `EndDate`, `DCode`) VALUES ('2', 'İngilizce', NULL, '30');
INSERT INTO `curriculum` (`CurId`, `CLang`, `EndDate`, `DCode`) VALUES ('3', 'Türkçe', '2016-06-15', '31');
INSERT INTO `curriculum` (`CurId`, `CLang`, `EndDate`, `DCode`) VALUES ('4', 'İngilizce', NULL, '31');
INSERT INTO `curriculum` (`CurId`, `CLang`, `EndDate`, `DCode`) VALUES ('5', 'İngilizce', NULL, '32');
INSERT INTO `curriculum` (`CurId`, `CLang`, `EndDate`, `DCode`) VALUES ('6', 'Türkçe', '2012-06-15', '33');
INSERT INTO `curriculum` (`CurId`, `CLang`, `EndDate`, `DCode`) VALUES ('7', 'İngilizce', NULL, '33');
INSERT INTO `curriculum` (`CurId`, `CLang`, `EndDate`, `DCode`) VALUES ('8', 'İngilizce', NULL, '34');

-- INSERT Student

INSERT INTO `student` (`SId`, `DOB`, `FName`, `MName`, `LName`, `Addr`, `SPhone`, `Major`, `DCode`) VALUES ('1', '2001-11-07', 'Aysen', NULL, 'Bayır', 'İzmir', '05321111111', 'Bilgisayar Bilimi', '30');
INSERT INTO `student` (`SId`, `DOB`, `FName`, `MName`, `LName`, `Addr`, `SPhone`, `Major`, `DCode`) VALUES ('2', '2001-04-19', 'Özgür', NULL, 'Bayraşa', 'İzmir', '05322222222', 'Bilgisayar Bilimi', '30');
INSERT INTO `student` (`SId`, `DOB`, `FName`, `MName`, `LName`, `Addr`, `SPhone`, `Major`, `DCode`) VALUES ('3', '2000-01-09', 'Ekin', NULL, 'Aslan', 'İzmir', '05323333333', 'Bilgisayar Bilimi', '30');
INSERT INTO `student` (`SId`, `DOB`, `FName`, `MName`, `LName`, `Addr`, `SPhone`, `Major`, `DCode`) VALUES ('4', '2000-05-04', 'Feyza', 'Nur', 'Başpınar', 'İzmir', '05324444444', 'Bilgisayar Bilimi', '30');
INSERT INTO `student` (`SId`, `DOB`, `FName`, `MName`, `LName`, `Addr`, `SPhone`, `Major`, `DCode`) VALUES ('5', '2000-01-15', 'Ersin', NULL, 'Fiyonk', 'İzmir', '05325555555', 'Bilgisayar Bilimi', '30');
INSERT INTO `student` (`SId`, `DOB`, `FName`, `MName`, `LName`, `Addr`, `SPhone`, `Major`, `DCode`) VALUES ('6', '1998-09-25', 'Faruk', 'Ali', 'Güllüoğlu', 'İzmir', '05326666666', 'Bilgisayar Bilimi', '30');
INSERT INTO `student` (`SId`, `DOB`, `FName`, `MName`, `LName`, `Addr`, `SPhone`, `Major`, `DCode`) VALUES ('7', '1998-09-05', 'Gediz', NULL, 'Helin', 'İzmir', '05327777777', 'Bilgisayar Bilimi', '30');
INSERT INTO `student` (`SId`, `DOB`, `FName`, `MName`, `LName`, `Addr`, `SPhone`, `Major`, `DCode`) VALUES ('8', '1998-09-25', 'Hamza', NULL, 'Irk', 'İzmir', '05328888888', 'Bilgisayar Bilimi', '30');
INSERT INTO `student` (`SId`, `DOB`, `FName`, `MName`, `LName`, `Addr`, `SPhone`, `Major`, `DCode`) VALUES ('9', '1998-09-21', 'Itır', NULL, 'İlkkan', 'İzmir', '05329999999', 'Bilgisayar Bilimi', '30');
INSERT INTO `student` (`SId`, `DOB`, `FName`, `MName`, `LName`, `Addr`, `SPhone`, `Major`, `DCode`) VALUES ('10', '1998-09-27', 'İlknur', 'İnce', 'Jöle', 'İzmir', '05300000000', 'Bilgisayar Bilimi', '30');
INSERT INTO `student` (`SId`, `DOB`, `FName`, `MName`, `LName`, `Addr`, `SPhone`, `Major`, `DCode`) VALUES ('11', '1999-06-25', 'Jinx', NULL, 'Kınalı', 'İzmir', '05301111111', 'Yazılım', '31');
INSERT INTO `student` (`SId`, `DOB`, `FName`, `MName`, `LName`, `Addr`, `SPhone`, `Major`, `DCode`) VALUES ('12', '1999-08-15', 'Kemal', NULL, 'Lüleburgaz', 'İzmir', '05302222222', 'Yazılım', '31');
INSERT INTO `student` (`SId`, `DOB`, `FName`, `MName`, `LName`, `Addr`, `SPhone`, `Major`, `DCode`) VALUES ('13', '1999-07-05', 'Lale', NULL, 'Mine', 'İzmir', '05303333333', 'Yazılım', '31');
INSERT INTO `student` (`SId`, `DOB`, `FName`, `MName`, `LName`, `Addr`, `SPhone`, `Major`, `DCode`) VALUES ('14', '1999-06-16', 'Muska', NULL, 'Nil', 'İzmir', '05304444444', 'Yazılım', '31');
INSERT INTO `student` (`SId`, `DOB`, `FName`, `MName`, `LName`, `Addr`, `SPhone`, `Major`, `DCode`) VALUES ('15', '1999-06-11', 'Nilgün', 'Nur', 'Orkun', 'İzmir', '05305555555', 'Yazılım', '31');
INSERT INTO `student` (`SId`, `DOB`, `FName`, `MName`, `LName`, `Addr`, `SPhone`, `Major`, `DCode`) VALUES ('16', '2001-11-09', 'Osman', NULL, 'Ölüm', 'İzmir', '05306666666', 'Yazılım', '31');
INSERT INTO `student` (`SId`, `DOB`, `FName`, `MName`, `LName`, `Addr`, `SPhone`, `Major`, `DCode`) VALUES ('17', '2001-11-14', 'Özgür', NULL, 'Paris', 'İzmir', '05307777777', 'Yazılım', '31');
INSERT INTO `student` (`SId`, `DOB`, `FName`, `MName`, `LName`, `Addr`, `SPhone`, `Major`, `DCode`) VALUES ('18', '2001-11-18', 'Pınar', NULL, 'Rest', 'İzmir', '05308888888', 'Yazılım', '31');
INSERT INTO `student` (`SId`, `DOB`, `FName`, `MName`, `LName`, `Addr`, `SPhone`, `Major`, `DCode`) VALUES ('19', '2001-12-07', 'Sadi', 'Balık', 'Şerit', 'İzmir', '05309999999', 'Yazılım', '31');
INSERT INTO `student` (`SId`, `DOB`, `FName`, `MName`, `LName`, `Addr`, `SPhone`, `Major`, `DCode`) VALUES ('20', '2001-12-07', 'Şiyar', NULL, 'Tan', 'İzmir', '05340000000', 'Yazılım', '31');
INSERT INTO `student` (`SId`, `DOB`, `FName`, `MName`, `LName`, `Addr`, `SPhone`, `Major`, `DCode`) VALUES ('21', '2001-12-12', 'Tankut', NULL, 'Ulaş', 'İzmir', '05311111111', 'Yapay Zeka', '32');
INSERT INTO `student` (`SId`, `DOB`, `FName`, `MName`, `LName`, `Addr`, `SPhone`, `Major`, `DCode`) VALUES ('22', '2001-12-18', 'Umut', NULL, 'Ülkü', 'İzmir', '05312222222', 'Yapay Zeka', '32');
INSERT INTO `student` (`SId`, `DOB`, `FName`, `MName`, `LName`, `Addr`, `SPhone`, `Major`, `DCode`) VALUES ('23', '2001-12-07', 'Ülker', 'Ali', 'Vinç', 'İzmir', '05313333333', 'Yapay Zeka', '32');
INSERT INTO `student` (`SId`, `DOB`, `FName`, `MName`, `LName`, `Addr`, `SPhone`, `Major`, `DCode`) VALUES ('24', '2001-12-12', 'Vecihi', NULL, 'Yeliz', 'İzmir', '05314444444', 'Yapay Zeka', '32');
INSERT INTO `student` (`SId`, `DOB`, `FName`, `MName`, `LName`, `Addr`, `SPhone`, `Major`, `DCode`) VALUES ('25', '2000-12-12', 'Yağız', NULL, 'Zift', 'İzmir', '05395555555', 'Yapay Zeka', '32');
INSERT INTO `student` (`SId`, `DOB`, `FName`, `MName`, `LName`, `Addr`, `SPhone`, `Major`, `DCode`) VALUES ('26', '2000-12-12', 'Zeynep', NULL, 'Ali', 'İzmir', '05316666666', 'Yapay Zeka', '32');
INSERT INTO `student` (`SId`, `DOB`, `FName`, `MName`, `LName`, `Addr`, `SPhone`, `Major`, `DCode`) VALUES ('27', '2000-12-11', 'Aysen', NULL, 'Bonkör', 'İzmir', '05317777777', 'Yapay Zeka', '32');
INSERT INTO `student` (`SId`, `DOB`, `FName`, `MName`, `LName`, `Addr`, `SPhone`, `Major`, `DCode`) VALUES ('28', '2003-05-29', 'Baran', 'Ali', 'Cenk', 'İzmir', '05318888888', 'Yapay Zeka', '32');
INSERT INTO `student` (`SId`, `DOB`, `FName`, `MName`, `LName`, `Addr`, `SPhone`, `Major`, `DCode`) VALUES ('29', '2003-05-29', 'Cafer', NULL, 'Denk', 'İzmir', '05319999999', 'Yapay Zeka', '32');
INSERT INTO `student` (`SId`, `DOB`, `FName`, `MName`, `LName`, `Addr`, `SPhone`, `Major`, `DCode`) VALUES ('30', '2003-05-29', 'Dilem', NULL, 'Ergün', 'İzmir', '05310000000', 'Yapay Zeka', '32');
INSERT INTO `student` (`SId`, `DOB`, `FName`, `MName`, `LName`, `Addr`, `SPhone`, `Major`, `DCode`) VALUES ('31', '2003-03-13', 'Elzem', NULL, 'Fars', 'Ankara', '05351111111', 'Bilgisayar Bilimi', '33');
INSERT INTO `student` (`SId`, `DOB`, `FName`, `MName`, `LName`, `Addr`, `SPhone`, `Major`, `DCode`) VALUES ('32', '2003-03-17', 'Fikri', NULL, 'Geyşa', 'Ankara', '05382322222', 'Bilgisayar Bilimi', '33');
INSERT INTO `student` (`SId`, `DOB`, `FName`, `MName`, `LName`, `Addr`, `SPhone`, `Major`, `DCode`) VALUES ('33', '2003-03-13', 'Gru', NULL, 'Heisenberg', 'Ankara', '05388888888', 'Bilgisayar Bilimi', '33');
INSERT INTO `student` (`SId`, `DOB`, `FName`, `MName`, `LName`, `Addr`, `SPhone`, `Major`, `DCode`) VALUES ('34', '2002-03-19', 'Halis', NULL, 'Ilık', 'Ankara', '05344444444', 'Bilgisayar Bilimi', '33');
INSERT INTO `student` (`SId`, `DOB`, `FName`, `MName`, `LName`, `Addr`, `SPhone`, `Major`, `DCode`) VALUES ('35', '2002-03-19', 'Irz', NULL, 'İlan', 'Ankara', '05345555555', 'Bilgisayar Bilimi', '33');
INSERT INTO `student` (`SId`, `DOB`, `FName`, `MName`, `LName`, `Addr`, `SPhone`, `Major`, `DCode`) VALUES ('36', '2002-03-19', 'İsim', 'Bade', 'Jaguar', 'Ankara', '05386666666', 'Bilgisayar Bilimi', '33');
INSERT INTO `student` (`SId`, `DOB`, `FName`, `MName`, `LName`, `Addr`, `SPhone`, `Major`, `DCode`) VALUES ('37', '2002-03-19', 'Jale', NULL, 'Kelime', 'Ankara', '05397777777', 'Bilgisayar Bilimi', '33');
INSERT INTO `student` (`SId`, `DOB`, `FName`, `MName`, `LName`, `Addr`, `SPhone`, `Major`, `DCode`) VALUES ('38', '2002-07-26', 'Kaya', NULL, 'Lüfer', 'Ankara', '05378888888', 'Bilgisayar Bilimi', '33');
INSERT INTO `student` (`SId`, `DOB`, `FName`, `MName`, `LName`, `Addr`, `SPhone`, `Major`, `DCode`) VALUES ('39', '1999-07-21', 'Lirik', NULL, 'Menşei', 'Ankara', '05389999999', 'Bilgisayar Bilimi', '33');
INSERT INTO `student` (`SId`, `DOB`, `FName`, `MName`, `LName`, `Addr`, `SPhone`, `Major`, `DCode`) VALUES ('40', '1999-07-21', 'Murat', NULL, 'Nehir', 'Ankara', '05360000000', 'Bilgisayar Bilimi', NULL);
INSERT INTO `student` (`SId`, `DOB`, `FName`, `MName`, `LName`, `Addr`, `SPhone`, `Major`, `DCode`) VALUES ('41', '1999-07-21', 'Narin', 'Ece', 'Orçun', 'Ankara', '05341111111', 'Yazılım', '34');
INSERT INTO `student` (`SId`, `DOB`, `FName`, `MName`, `LName`, `Addr`, `SPhone`, `Major`, `DCode`) VALUES ('42', '1999-07-21', 'Olçum', NULL, 'Örs', 'Ankara', '05382222222', 'Yazılım', '34');
INSERT INTO `student` (`SId`, `DOB`, `FName`, `MName`, `LName`, `Addr`, `SPhone`, `Major`, `DCode`) VALUES ('43', '1999-07-20', 'Öğün', NULL, 'Pırasa', 'Ankara', '05383333333', 'Yazılım', '34');
INSERT INTO `student` (`SId`, `DOB`, `FName`, `MName`, `LName`, `Addr`, `SPhone`, `Major`, `DCode`) VALUES ('44', '1998-09-14', 'Prag', NULL, 'Reşit', 'Ankara', '05394444444', 'Yazılım', '34');
INSERT INTO `student` (`SId`, `DOB`, `FName`, `MName`, `LName`, `Addr`, `SPhone`, `Major`, `DCode`) VALUES ('45', '1998-09-18', 'Rasim', NULL, 'Ursula', 'Ankara', '05315555555', 'Yazılım', '34');
INSERT INTO `student` (`SId`, `DOB`, `FName`, `MName`, `LName`, `Addr`, `SPhone`, `Major`, `DCode`) VALUES ('46', '2001-09-18', 'Umumi', NULL, 'Üzengi', 'Ankara', '05306686666', 'Yazılım', '34');
INSERT INTO `student` (`SId`, `DOB`, `FName`, `MName`, `LName`, `Addr`, `SPhone`, `Major`, `DCode`) VALUES ('47', '2001-09-18', 'Üzeyr', NULL, 'Varak', 'Ankara', '05357777777', 'Yazılım', '34');
INSERT INTO `student` (`SId`, `DOB`, `FName`, `MName`, `LName`, `Addr`, `SPhone`, `Major`, `DCode`) VALUES ('48', '2001-09-18', 'Vahit', NULL, 'Yağız', 'Ankara', '05398888888', 'Yazılım', '34');
INSERT INTO `student` (`SId`, `DOB`, `FName`, `MName`, `LName`, `Addr`, `SPhone`, `Major`, `DCode`) VALUES ('49', '2001-02-14', 'Yaren', 'Mavi', 'Zuhur', 'Ankara', '05399999999', 'Yazılım', NULL);
INSERT INTO `student` (`SId`, `DOB`, `FName`, `MName`, `LName`, `Addr`, `SPhone`, `Major`, `DCode`) VALUES ('50', '2001-02-19', 'Zamk', NULL, 'Arı', 'Ankara', '05380000000', 'Yazılım', NULL);
INSERT INTO `student` (`SId`, `DOB`, `FName`, `MName`, `LName`, `Addr`, `SPhone`, `Major`, `DCode`) VALUES ('51', '2003-02-18', 'İlayda', 'Hatun', 'Arınç', 'Ankara', '05391110000', 'Yazılım', NULL);
INSERT INTO `student` (`SId`, `DOB`, `FName`, `MName`, `LName`, `Addr`, `SPhone`, `Major`, `DCode`) VALUES ('52', '2004-05-13', 'Ayşe', NULL, 'Akkaş', 'Ankara', '05391120000', 'Yazılım', NULL);
INSERT INTO `student` (`SId`, `DOB`, `FName`, `MName`, `LName`, `Addr`, `SPhone`, `Major`, `DCode`) VALUES ('53', '2001-08-11', 'Zeynep', NULL, 'Gök', 'Ankara', '05391130000', 'Yazılım', NULL);
INSERT INTO `student` (`SId`, `DOB`, `FName`, `MName`, `LName`, `Addr`, `SPhone`, `Major`, `DCode`) VALUES ('54', '2001-02-11', 'Emre', 'Berk', 'Sarı', 'Ankara', '05391170000', 'Yazılım', NULL);
INSERT INTO `student` (`SId`, `DOB`, `FName`, `MName`, `LName`, `Addr`, `SPhone`, `Major`, `DCode`) VALUES ('55', '2001-02-01', 'Arda', NULL, 'Demir', 'Ankara', '05391440000', 'Bilgisayar Bilimi', NULL);
INSERT INTO `student` (`SId`, `DOB`, `FName`, `MName`, `LName`, `Addr`, `SPhone`, `Major`, `DCode`) VALUES ('56', '2001-07-25', 'Emir', NULL, 'Kaplancık', 'İzmir', '05397710000', 'Bilgisayar Bilimi', NULL);
INSERT INTO `student` (`SId`, `DOB`, `FName`, `MName`, `LName`, `Addr`, `SPhone`, `Major`, `DCode`) VALUES ('57', '2001-09-26', 'Mehmet', 'Can', 'Köz', 'İzmir', '05391110088', 'Yazılım', NULL);
INSERT INTO `student` (`SId`, `DOB`, `FName`, `MName`, `LName`, `Addr`, `SPhone`, `Major`, `DCode`) VALUES ('58', '2001-02-13', 'Gözde', NULL, 'Yılmaz', 'İzmir', '05391110555', 'Bilgisayar Bilimi', NULL);
INSERT INTO `student` (`SId`, `DOB`, `FName`, `MName`, `LName`, `Addr`, `SPhone`, `Major`, `DCode`) VALUES ('59', '2001-09-29', 'Mediha', NULL, 'Soysal', 'İzmir', '05391110333', 'Yazılım', NULL);



-- Takes INSERT
INSERT INTO `takes` (`SId`, `SecId`, `Grade`) VALUES ('1', '50', 'AA');
INSERT INTO `takes` (`SId`, `SecId`, `Grade`) VALUES ('1', '67', 'BA');
INSERT INTO `takes` (`SId`, `SecId`, `Grade`) VALUES ('1', '69', 'AA');
INSERT INTO `takes` (`SId`, `SecId`, `Grade`) VALUES ('2', '50', 'BB');
INSERT INTO `takes` (`SId`, `SecId`, `Grade`) VALUES ('2', '67', 'BB');
INSERT INTO `takes` (`SId`, `SecId`, `Grade`) VALUES ('3', '50', 'AA');
INSERT INTO `takes` (`SId`, `SecId`, `Grade`) VALUES ('3', '67', 'BA');
INSERT INTO `takes` (`SId`, `SecId`, `Grade`) VALUES ('3', '69', 'BA');
INSERT INTO `takes` (`SId`, `SecId`, `Grade`) VALUES ('4', '50', 'CB');
INSERT INTO `takes` (`SId`, `SecId`, `Grade`) VALUES ('4', '67', 'CB');
INSERT INTO `takes` (`SId`, `SecId`, `Grade`) VALUES ('4', '59', 'BA');
INSERT INTO `takes` (`SId`, `SecId`, `Grade`) VALUES ('4', '70', 'BA');
INSERT INTO `takes` (`SId`, `SecId`, `Grade`) VALUES ('5', '50', 'FD');
INSERT INTO `takes` (`SId`, `SecId`, `Grade`) VALUES ('5', '59', 'FD');
INSERT INTO `takes` (`SId`, `SecId`, `Grade`) VALUES ('6', '50', 'FD');
INSERT INTO `takes` (`SId`, `SecId`, `Grade`) VALUES ('6', '70', 'FD');
INSERT INTO `takes` (`SId`, `SecId`, `Grade`) VALUES ('6', '59', 'FD');
INSERT INTO `takes` (`SId`, `SecId`, `Grade`) VALUES ('7', '50', 'BB');
INSERT INTO `takes` (`SId`, `SecId`, `Grade`) VALUES ('7', '59', 'BB');
INSERT INTO `takes` (`SId`, `SecId`, `Grade`) VALUES ('8', '67', 'BA');
INSERT INTO `takes` (`SId`, `SecId`, `Grade`) VALUES ('8', '70', 'BA');
INSERT INTO `takes` (`SId`, `SecId`, `Grade`) VALUES ('8', '59', 'BA');
INSERT INTO `takes` (`SId`, `SecId`, `Grade`) VALUES ('9', '67', 'AA');
INSERT INTO `takes` (`SId`, `SecId`, `Grade`) VALUES ('9', '70', 'AA');
INSERT INTO `takes` (`SId`, `SecId`, `Grade`) VALUES ('9', '59', 'AA');
INSERT INTO `takes` (`SId`, `SecId`, `Grade`) VALUES ('10', '70', 'CC');
INSERT INTO `takes` (`SId`, `SecId`, `Grade`) VALUES ('10', '69', 'CC');
INSERT INTO `takes` (`SId`, `SecId`, `Grade`) VALUES ('10', '59', 'CC');
INSERT INTO `takes` (`SId`, `SecId`, `Grade`) VALUES ('11', '51', 'CC');
INSERT INTO `takes` (`SId`, `SecId`, `Grade`) VALUES ('11', '53', 'BB');
INSERT INTO `takes` (`SId`, `SecId`, `Grade`) VALUES ('11', '55', 'CC');
INSERT INTO `takes` (`SId`, `SecId`, `Grade`) VALUES ('11', '57', 'CC');
INSERT INTO `takes` (`SId`, `SecId`, `Grade`) VALUES ('12', '53', 'CC');
INSERT INTO `takes` (`SId`, `SecId`, `Grade`) VALUES ('12', '55', 'CC');
INSERT INTO `takes` (`SId`, `SecId`, `Grade`) VALUES ('12', '69', 'FF');
INSERT INTO `takes` (`SId`, `SecId`, `Grade`) VALUES ('13', '53', 'CC');
INSERT INTO `takes` (`SId`, `SecId`, `Grade`) VALUES ('13', '55', 'CC');
INSERT INTO `takes` (`SId`, `SecId`, `Grade`) VALUES ('13', '51', 'CC');
INSERT INTO `takes` (`SId`, `SecId`, `Grade`) VALUES ('13', '57', 'CC');
INSERT INTO `takes` (`SId`, `SecId`, `Grade`) VALUES ('14', '55', 'BB');
INSERT INTO `takes` (`SId`, `SecId`, `Grade`) VALUES ('14', '57', 'CC');
INSERT INTO `takes` (`SId`, `SecId`, `Grade`) VALUES ('15', '53', 'CC');
INSERT INTO `takes` (`SId`, `SecId`, `Grade`) VALUES ('15', '69', 'FF');
INSERT INTO `takes` (`SId`, `SecId`, `Grade`) VALUES ('16', '51', 'BA');
INSERT INTO `takes` (`SId`, `SecId`, `Grade`) VALUES ('16', '57', 'BA');
INSERT INTO `takes` (`SId`, `SecId`, `Grade`) VALUES ('17', '51', 'BA');
INSERT INTO `takes` (`SId`, `SecId`, `Grade`) VALUES ('17', '57', 'BA');
INSERT INTO `takes` (`SId`, `SecId`, `Grade`) VALUES ('18', '51', 'BA');
INSERT INTO `takes` (`SId`, `SecId`, `Grade`) VALUES ('18', '53', 'DC');
INSERT INTO `takes` (`SId`, `SecId`, `Grade`) VALUES ('18', '56', 'DC');
INSERT INTO `takes` (`SId`, `SecId`, `Grade`) VALUES ('19', '53', 'DC');
INSERT INTO `takes` (`SId`, `SecId`, `Grade`) VALUES ('19', '56', 'DC');
INSERT INTO `takes` (`SId`, `SecId`, `Grade`) VALUES ('19', '69', 'FF');
INSERT INTO `takes` (`SId`, `SecId`, `Grade`) VALUES ('20', '51', 'DC');
INSERT INTO `takes` (`SId`, `SecId`, `Grade`) VALUES ('20', '57', 'DC');
INSERT INTO `takes` (`SId`, `SecId`, `Grade`) VALUES ('20', '69', 'FF');
INSERT INTO `takes` (`SId`, `SecId`, `Grade`) VALUES ('21', '68', 'BA');
INSERT INTO `takes` (`SId`, `SecId`, `Grade`) VALUES ('21', '54', 'BA');
INSERT INTO `takes` (`SId`, `SecId`, `Grade`) VALUES ('21', '56', 'AA');
INSERT INTO `takes` (`SId`, `SecId`, `Grade`) VALUES ('21', '66', 'DC');
INSERT INTO `takes` (`SId`, `SecId`, `Grade`) VALUES ('22', '52', 'BA');
INSERT INTO `takes` (`SId`, `SecId`, `Grade`) VALUES ('23', '68', 'BB');
INSERT INTO `takes` (`SId`, `SecId`, `Grade`) VALUES ('23', '54', 'BB');
INSERT INTO `takes` (`SId`, `SecId`, `Grade`) VALUES ('23', '66', 'DC');
INSERT INTO `takes` (`SId`, `SecId`, `Grade`) VALUES ('24', '52', 'CC');
INSERT INTO `takes` (`SId`, `SecId`, `Grade`) VALUES ('24', '55', 'CC');
INSERT INTO `takes` (`SId`, `SecId`, `Grade`) VALUES ('25', '52', 'BB');
INSERT INTO `takes` (`SId`, `SecId`, `Grade`) VALUES ('25', '66', 'DC');
INSERT INTO `takes` (`SId`, `SecId`, `Grade`) VALUES ('25', '55', 'BA');
INSERT INTO `takes` (`SId`, `SecId`, `Grade`) VALUES ('25', '68', 'BB');
INSERT INTO `takes` (`SId`, `SecId`, `Grade`) VALUES ('26', '52', 'BA');
INSERT INTO `takes` (`SId`, `SecId`, `Grade`) VALUES ('26', '54', 'BB');
INSERT INTO `takes` (`SId`, `SecId`, `Grade`) VALUES ('26', '66', 'DC');
INSERT INTO `takes` (`SId`, `SecId`, `Grade`) VALUES ('27', '68', 'BB');
INSERT INTO `takes` (`SId`, `SecId`, `Grade`) VALUES ('27', '54', 'BA');
INSERT INTO `takes` (`SId`, `SecId`, `Grade`) VALUES ('27', '66', 'AA');
INSERT INTO `takes` (`SId`, `SecId`, `Grade`) VALUES ('28', '68', 'BB');
INSERT INTO `takes` (`SId`, `SecId`, `Grade`) VALUES ('28', '54', 'AA');
INSERT INTO `takes` (`SId`, `SecId`, `Grade`) VALUES ('28', '66', 'AA');
INSERT INTO `takes` (`SId`, `SecId`, `Grade`) VALUES ('28', '55', 'BB');
INSERT INTO `takes` (`SId`, `SecId`, `Grade`) VALUES ('29', '68', 'BB');
INSERT INTO `takes` (`SId`, `SecId`, `Grade`) VALUES ('29', '52', 'AA');
INSERT INTO `takes` (`SId`, `SecId`, `Grade`) VALUES ('29', '54', 'BA');
INSERT INTO `takes` (`SId`, `SecId`, `Grade`) VALUES ('30', '52', 'BB');
INSERT INTO `takes` (`SId`, `SecId`, `Grade`) VALUES ('30', '68', 'BB');
INSERT INTO `takes` (`SId`, `SecId`, `Grade`) VALUES ('30', '56', 'BA');
INSERT INTO `takes` (`SId`, `SecId`, `Grade`) VALUES ('30', '66', 'FF');
INSERT INTO `takes` (`SId`, `SecId`, `Grade`) VALUES ('31', '64', 'BA');
INSERT INTO `takes` (`SId`, `SecId`, `Grade`) VALUES ('31', '62', 'BA');
INSERT INTO `takes` (`SId`, `SecId`, `Grade`) VALUES ('32', '65', 'BB');
INSERT INTO `takes` (`SId`, `SecId`, `Grade`) VALUES ('33', '65', 'BA');
INSERT INTO `takes` (`SId`, `SecId`, `Grade`) VALUES ('33', '62', 'BB');
INSERT INTO `takes` (`SId`, `SecId`, `Grade`) VALUES ('34', '64', 'BA');
INSERT INTO `takes` (`SId`, `SecId`, `Grade`) VALUES ('35', '64', 'BA');
INSERT INTO `takes` (`SId`, `SecId`, `Grade`) VALUES ('35', '62', 'BB');
INSERT INTO `takes` (`SId`, `SecId`, `Grade`) VALUES ('36', '62', 'AA');
INSERT INTO `takes` (`SId`, `SecId`, `Grade`) VALUES ('36', '64', 'BB');
INSERT INTO `takes` (`SId`, `SecId`, `Grade`) VALUES ('37', '63', 'DD');
INSERT INTO `takes` (`SId`, `SecId`, `Grade`) VALUES ('38', '65', 'CB');
INSERT INTO `takes` (`SId`, `SecId`, `Grade`) VALUES ('39', '63', 'DD');
INSERT INTO `takes` (`SId`, `SecId`, `Grade`) VALUES ('41', '65', 'DD');
INSERT INTO `takes` (`SId`, `SecId`, `Grade`) VALUES ('41', '63', 'AA');
INSERT INTO `takes` (`SId`, `SecId`, `Grade`) VALUES ('42', '58', 'DD');
INSERT INTO `takes` (`SId`, `SecId`, `Grade`) VALUES ('43', '58', 'AA');
INSERT INTO `takes` (`SId`, `SecId`, `Grade`) VALUES ('43', '62', 'AA');
INSERT INTO `takes` (`SId`, `SecId`, `Grade`) VALUES ('44', '65', 'DD');
INSERT INTO `takes` (`SId`, `SecId`, `Grade`) VALUES ('44', '58', 'BA');
INSERT INTO `takes` (`SId`, `SecId`, `Grade`) VALUES ('44', '63', 'CC');
INSERT INTO `takes` (`SId`, `SecId`, `Grade`) VALUES ('45', '65', 'CB');
INSERT INTO `takes` (`SId`, `SecId`, `Grade`) VALUES ('45', '58', 'DD');
INSERT INTO `takes` (`SId`, `SecId`, `Grade`) VALUES ('45', '62', 'CB');
INSERT INTO `takes` (`SId`, `SecId`, `Grade`) VALUES ('46', '64', 'CC');
INSERT INTO `takes` (`SId`, `SecId`, `Grade`) VALUES ('46', '63', 'CC');
INSERT INTO `takes` (`SId`, `SecId`, `Grade`) VALUES ('47', '58', 'BA');
INSERT INTO `takes` (`SId`, `SecId`, `Grade`) VALUES ('47', '64', 'BB');
INSERT INTO `takes` (`SId`, `SecId`, `Grade`) VALUES ('47', '62', 'BB');
INSERT INTO `takes` (`SId`, `SecId`, `Grade`) VALUES ('48', '64', 'BB');
INSERT INTO `takes` (`SId`, `SecId`, `Grade`) VALUES ('48', '62', 'BB');

-- INSERT Include

INSERT INTO `include` (`CurId`, `CCode`, `SemNo`) VALUES ('1', '100', '3');
INSERT INTO `include` (`CurId`, `CCode`, `SemNo`) VALUES ('1', '101', '1');
INSERT INTO `include` (`CurId`, `CCode`, `SemNo`) VALUES ('1', '102', '2');
INSERT INTO `include` (`CurId`, `CCode`, `SemNo`) VALUES ('1', '108', '5');
INSERT INTO `include` (`CurId`, `CCode`, `SemNo`) VALUES ('1', '114', '5');
INSERT INTO `include` (`CurId`, `CCode`, `SemNo`) VALUES ('2', '100', '3');
INSERT INTO `include` (`CurId`, `CCode`, `SemNo`) VALUES ('2', '108', '1');
INSERT INTO `include` (`CurId`, `CCode`, `SemNo`) VALUES ('2', '105', '2');
INSERT INTO `include` (`CurId`, `CCode`, `SemNo`) VALUES ('2', '111', '5');
INSERT INTO `include` (`CurId`, `CCode`, `SemNo`) VALUES ('2', '117', '5');
INSERT INTO `include` (`CurId`, `CCode`, `SemNo`) VALUES ('3', '107', '3');
INSERT INTO `include` (`CurId`, `CCode`, `SemNo`) VALUES ('3', '101', '1');
INSERT INTO `include` (`CurId`, `CCode`, `SemNo`) VALUES ('3', '102', '2');
INSERT INTO `include` (`CurId`, `CCode`, `SemNo`) VALUES ('3', '108', '5');
INSERT INTO `include` (`CurId`, `CCode`, `SemNo`) VALUES ('3', '116', '5');
INSERT INTO `include` (`CurId`, `CCode`, `SemNo`) VALUES ('4', '100', '3');
INSERT INTO `include` (`CurId`, `CCode`, `SemNo`) VALUES ('4', '101', '1');
INSERT INTO `include` (`CurId`, `CCode`, `SemNo`) VALUES ('4', '102', '2');
INSERT INTO `include` (`CurId`, `CCode`, `SemNo`) VALUES ('4', '106', '5');
INSERT INTO `include` (`CurId`, `CCode`, `SemNo`) VALUES ('4', '117', '5');
INSERT INTO `include` (`CurId`, `CCode`, `SemNo`) VALUES ('5', '100', '3');
INSERT INTO `include` (`CurId`, `CCode`, `SemNo`) VALUES ('5', '101', '1');
INSERT INTO `include` (`CurId`, `CCode`, `SemNo`) VALUES ('5', '102', '2');
INSERT INTO `include` (`CurId`, `CCode`, `SemNo`) VALUES ('5', '105', '5');
INSERT INTO `include` (`CurId`, `CCode`, `SemNo`) VALUES ('5', '116', '5');
INSERT INTO `include` (`CurId`, `CCode`, `SemNo`) VALUES ('6', '106', '4');
INSERT INTO `include` (`CurId`, `CCode`, `SemNo`) VALUES ('6', '107', '5');
INSERT INTO `include` (`CurId`, `CCode`, `SemNo`) VALUES ('6', '109', '5');
INSERT INTO `include` (`CurId`, `CCode`, `SemNo`) VALUES ('6', '111', '3');
INSERT INTO `include` (`CurId`, `CCode`, `SemNo`) VALUES ('7', '103', '4');
INSERT INTO `include` (`CurId`, `CCode`, `SemNo`) VALUES ('7', '109', '5');
INSERT INTO `include` (`CurId`, `CCode`, `SemNo`) VALUES ('8', '103', '4');
INSERT INTO `include` (`CurId`, `CCode`, `SemNo`) VALUES ('8', '107', '5');
INSERT INTO `include` (`CurId`, `CCode`, `SemNo`) VALUES ('8', '109', '5');
